tid,boss,start_codon_x,start_codon_y,ORF_range_x,ORF_type_x,ORF_range_y,ORF_type_y,tab,odds_ratio,statistical test,result,start,end,dna,aa,oid,fa
STRG.14.1::gi|16763390|ref|NC_003197.1|:254139-274011(+),sORF,GTG,ATG,"[13060, 13069]",sORF,"[11265, 12291]",mORF,"[array([[16,  0,  0],
       [17, 15, 12]]), array([[16,  1],
       [17, 27]])]",24.220993618207757,ChiSquare,"ChiSquareResult(statistic=17.851239669421485, adjusted_pvalue=0.00013293904611107651, adjusted_bootstrap_pvalue=0.0, posthoc_statistic=array([17.85123967,  7.27272727,  5.45454545]), adjusted_posthoc_pvalue=array([2.38863609e-05, 1.00000000e+00, 1.00000000e+00]))",13060,13069,GTGAAGTGA,VK,STRG.14.1::gi|16763390|ref|NC_003197.1|:254139-274011(+)__13060-13069,">STRG.14.1::gi|16763390|ref|NC_003197.1|:254139-274011(+)__13060-13069
VK"
STRG.28.1::gi|16763390|ref|NC_003197.1|:503140-508412(+),sORF,CTG,GTG,"[5055, 5073]",sORF,"[4964, 5237]",mORF,"[array([[148,  55,  37],
       [340, 313, 178]]), array([[148,  92],
       [340, 491]])]",2.3212752538586954,ChiSquare,"ChiSquareResult(statistic=32.73233013288021, adjusted_pvalue=0.00018290367391705456, adjusted_bootstrap_pvalue=0.0, posthoc_statistic=array([32.33238261, 17.96022475,  4.18283705]), adjusted_posthoc_pvalue=array([3.06114789e-05, 2.25569447e-05, 1.00000000e+00]))",5055,5073,CTGTTACCGAATCTCTGA,LLPNL,STRG.28.1::gi|16763390|ref|NC_003197.1|:503140-508412(+)__5055-5073,">STRG.28.1::gi|16763390|ref|NC_003197.1|:503140-508412(+)__5055-5073
LLPNL"
STRG.28.1::gi|16763390|ref|NC_003197.1|:503140-508412(+),sORF,GTG,GTG,"[3456, 3486]",sORF,"[4964, 5237]",mORF,"[array([[ 13,   0,   0],
       [340, 313, 178]]), array([[ 13,   1],
       [340, 491]])]",18.725326074057797,ChiSquare,"ChiSquareResult(statistic=18.365026607077716, adjusted_pvalue=0.00010282178577250363, adjusted_bootstrap_pvalue=0.0, posthoc_statistic=array([18.36502661,  7.78277709,  3.52882847]), adjusted_posthoc_pvalue=array([0.04296753, 1.        , 1.        ]))",3456,3486,GTGTCTGGTGGGGCCGCCGGGGGTAGGTAA,VSGGAAGGR,STRG.28.1::gi|16763390|ref|NC_003197.1|:503140-508412(+)__3456-3486,">STRG.28.1::gi|16763390|ref|NC_003197.1|:503140-508412(+)__3456-3486
VSGGAAGGR"
STRG.33.1::gi|16763390|ref|NC_003197.1|:738010-766074(-),sORF,ATG,ATG,"[21363, 21630]",sORF,"[8416, 8947]",mORF,"[array([[130,  18,  22],
       [ 73,  48,  46]]), array([[130,  40],
       [ 73,  94]])]",4.165850919275117,ChiSquare,"ChiSquareResult(statistic=38.08819012252792, adjusted_pvalue=1.2566438478321245e-05, adjusted_bootstrap_pvalue=0.0, posthoc_statistic=array([37.74240488, 17.62950467, 11.15480316]), adjusted_posthoc_pvalue=array([1.90200884e-06, 2.68391992e-05, 1.00000000e+00]))",21363,21630,ATGTTGGCCTGCCGAAAGAGCATCCGGAAAGCTACCACAGCTTTATGCATCGTAACTTTTTCGATCACGTTGATATTCCAGCAGAAAACATCAATCTTCTCAACGGTAACGCACCGGATATCGATGCAGAATGCCGTCAATATGAAGAAAAAATTCGTTCTTACGGTAAAATCCATCTGTTTATGGGCGGCGTCGGCAACGACGGTCACATCGCCTTTAACGAACCGGCGTCTTCCCTGGCTTCCCGCACCCGTATCAAAACGTTAA,MLACRKSIRKATTALCIVTFSITLIFQQKTSIFSTVTHRISMQNAVNMKKKFVLTVKSICLWAASATTVTSPLTNRRLPWLPAPVSKR,STRG.33.1::gi|16763390|ref|NC_003197.1|:738010-766074(-)__21363-21630,">STRG.33.1::gi|16763390|ref|NC_003197.1|:738010-766074(-)__21363-21630
MLACRKSIRKATTALCIVTFSITLIFQQKTSIFSTVTHRISMQNAVNMKKKFVLTVKSICLWAASATTVTSPLTNRRLPWLPAPVSKR"
STRG.49.1::gi|16763390|ref|NC_003197.1|:1064969-1067935(+),sORF,TTG,ATG,"[744, 819]",sORF,"[24, 708]",mORF,"[array([[29,  0,  0],
       [ 9,  3,  5]]), array([[29,  1],
       [ 9,  8]])]",23.741973615532707,ChiSquare,"ChiSquareResult(statistic=16.520123839009287, adjusted_pvalue=0.0002586429756812977, adjusted_bootstrap_pvalue=0.0, posthoc_statistic=array([16.52012384,  5.4746922 ,  9.56958393]), adjusted_posthoc_pvalue=array([4.81364633e-05, 1.00000000e+00, 1.00000000e+00]))",744,819,TTGACAGCGGGTATGTTAAACAACCCCATCCGGCACGGAGCCAGGTGGACGTTAAATATGAAACCTGAAGATTAA,LTAGMLNNPIRHGARWTLNMKPED,STRG.49.1::gi|16763390|ref|NC_003197.1|:1064969-1067935(+)__744-819,">STRG.49.1::gi|16763390|ref|NC_003197.1|:1064969-1067935(+)__744-819
LTAGMLNNPIRHGARWTLNMKPED"
STRG.49.1::gi|16763390|ref|NC_003197.1|:1064969-1067935(+),sORF,TTG,ATG,"[1275, 1290]",sORF,"[24, 708]",mORF,"[array([[114,   5,   0],
       [  9,   3,   5]]), array([[114,   5],
       [  9,   8]])]",19.326061138130086,ChiSquare,"ChiSquareResult(statistic=42.59233449477352, adjusted_pvalue=1.3217511170655851e-06, adjusted_bootstrap_pvalue=0.0, posthoc_statistic=array([31.60332351,  4.85714286, 36.33587786]), adjusted_posthoc_pvalue=array([4.45532952e-05, 1.00000000e+00, 3.91280351e-06]))",1275,1290,TTGAATTCAAAGTAA,LNSK,STRG.49.1::gi|16763390|ref|NC_003197.1|:1064969-1067935(+)__1275-1290,">STRG.49.1::gi|16763390|ref|NC_003197.1|:1064969-1067935(+)__1275-1290
LNSK"
STRG.65.1::gi|16763390|ref|NC_003197.1|:1258238-1287829(+),sORF,ATG,ATG,"[2089, 2158]",sORF,"[7229, 8891]",mORF,"[array([[86, 21, 20],
       [64, 55, 50]]), array([[ 86,  41],
       [ 64, 106]])]",3.458682920056144,ChiSquare,"ChiSquareResult(statistic=25.855431777038447, adjusted_pvalue=0.00569536986957485, adjusted_bootstrap_pvalue=0.0, posthoc_statistic=array([25.84229259,  9.73803481,  7.68967004]), adjusted_posthoc_pvalue=array([8.72853444e-04, 1.00000000e+00, 1.00000000e+00]))",2089,2158,ATGCGGATTCGTATAACAAAAAAGGCACCGTCACCGTTTATGACAGCCAGGGTAATGCCCATGACATGA,MRIRITKKAPSPFMTARVMPMT,STRG.65.1::gi|16763390|ref|NC_003197.1|:1258238-1287829(+)__2089-2158,">STRG.65.1::gi|16763390|ref|NC_003197.1|:1258238-1287829(+)__2089-2158
MRIRITKKAPSPFMTARVMPMT"
STRG.65.1::gi|16763390|ref|NC_003197.1|:1258238-1287829(+),sORF,ATG,ATG,"[22374, 22476]",sORF,"[2801, 3557]",mORF,"[array([[79,  7,  6],
       [57, 20, 21]]), array([[79, 13],
       [57, 41]])]",4.336691219725568,ChiSquare,"ChiSquareResult(statistic=17.979872504557385, adjusted_pvalue=0.00012465803965026, adjusted_bootstrap_pvalue=0.0, posthoc_statistic=array([17.90572449,  6.37675817,  8.64941762]), adjusted_posthoc_pvalue=array([2.32121865e-05, 1.00000000e+00, 1.00000000e+00]))",22374,22476,ATGACATTATCTCGCGCAAAGAACAGCGCAAGATGGATGCCTTCATTCAATATGGAATTGTCGCTGGCGTACAGGCCATGCAGGATTCTGGCCTTGAAGTGA,MTLSRAKNSARWMPSFNMELSLAYRPCRILALK,STRG.65.1::gi|16763390|ref|NC_003197.1|:1258238-1287829(+)__22374-22476,">STRG.65.1::gi|16763390|ref|NC_003197.1|:1258238-1287829(+)__22374-22476
MTLSRAKNSARWMPSFNMELSLAYRPCRILALK"
STRG.67.1::gi|16763390|ref|NC_003197.1|:1324258-1325655(+),oORF,GTG,ATG,"[1351, 1393]",oORF,"[126, 1377]",mORF,"[array([[ 104,   16,    7],
       [1526,  983,  823]]), array([[ 104,   23],
       [1526, 1806]])]",5.34913369992231,ChiSquare,"ChiSquareResult(statistic=64.69074333602853, adjusted_pvalue=2.101557014792261e-11, adjusted_bootstrap_pvalue=0.0, posthoc_statistic=array([63.95382045, 17.01788404, 24.69750813]), adjusted_posthoc_pvalue=array([3.00083888e-12, 3.70293944e-05, 1.58018892e-03]))",1351,1393,GTGACGCGATTATCGCGAATATGTAATAACGATAATTGTTAA,VTRLSRICNNDNC,STRG.67.1::gi|16763390|ref|NC_003197.1|:1324258-1325655(+)__1351-1393,">STRG.67.1::gi|16763390|ref|NC_003197.1|:1324258-1325655(+)__1351-1393
VTRLSRICNNDNC"
STRG.87.1::gi|16763390|ref|NC_003197.1|:1648908-1653596(-),sORF,CTG,ATG,"[1999, 2050]",sORF,"[3168, 4053]",mORF,"[array([[36,  0,  0],
       [ 6,  5,  2]]), array([[36,  1],
       [ 6,  7]])]",37.30317867146427,ChiSquare,"ChiSquareResult(statistic=22.615384615384613, adjusted_pvalue=0.028779896982966183, adjusted_bootstrap_pvalue=0.0, posthoc_statistic=array([22.61538462, 15.41958042,  5.77414075]), adjusted_posthoc_pvalue=array([4.66237323e-03, 8.60916040e-05, 1.00000000e+00]))",1999,2050,CTGGTTACAGTGGCACTGGAAAGGTCAGGACGCGCCGGGCGAAGCGCGTAA,LVTVALERSGRAGRSA,STRG.87.1::gi|16763390|ref|NC_003197.1|:1648908-1653596(-)__1999-2050,">STRG.87.1::gi|16763390|ref|NC_003197.1|:1648908-1653596(-)__1999-2050
LVTVALERSGRAGRSA"
STRG.88.1::gi|16763390|ref|NC_003197.1|:1655110-1656279(+),oORF,ATG,ATG,"[777, 825]",oORF,"[62, 1151]",mORF,"[array([[ 113,   25,   15],
       [2074, 1087,  587]]), array([[ 113,   40],
       [2074, 1674]])]",2.279717392393366,ChiSquare,"ChiSquareResult(statistic=20.53017229969499, adjusted_pvalue=3.482809567788591e-05, adjusted_bootstrap_pvalue=0.0, posthoc_statistic=array([20.468722  , 11.56475593,  3.86502223]), adjusted_posthoc_pvalue=array([0.01428059, 1.        , 1.        ]))",777,825,ATGATGCGAACAACATCTACCTGGCGACCACCTACTCCGAAACGCTGA,MMRTTSTWRPPTPKR,STRG.88.1::gi|16763390|ref|NC_003197.1|:1655110-1656279(+)__777-825,">STRG.88.1::gi|16763390|ref|NC_003197.1|:1655110-1656279(+)__777-825
MMRTTSTWRPPTPKR"
STRG.120.1::gi|16763390|ref|NC_003197.1|:2159343-2179921(-),sORF,ATG,ATG,"[4502, 4559]",sORF,"[9023, 9923]",mORF,"[array([[44,  6,  3],
       [67, 49, 30]]), array([[44,  9],
       [67, 79]])]",5.715842669574496,ChiSquare,"ChiSquareResult(statistic=21.76640602161408, adjusted_pvalue=0.04399897854982102, adjusted_bootstrap_pvalue=0.0, posthoc_statistic=array([21.7315124 ,  9.61747155,  6.23027593]), adjusted_posthoc_pvalue=array([0.00738835, 1.        , 1.        ]))",4502,4559,ATGTTGCGGTCGATATCCGAAAAGAATCGCCTACTTTTGGTCAATGGGTTGGTGTAA,MLRSISEKNRLLLVNGLV,STRG.120.1::gi|16763390|ref|NC_003197.1|:2159343-2179921(-)__4502-4559,">STRG.120.1::gi|16763390|ref|NC_003197.1|:2159343-2179921(-)__4502-4559
MLRSISEKNRLLLVNGLV"
STRG.120.1::gi|16763390|ref|NC_003197.1|:2159343-2179921(-),sORF,ATG,ATG,"[5928, 5976]",sORF,"[16055, 17489]",mORF,"[array([[ 70,  18,  15],
       [102,  87,  55]]), array([[ 70,  33],
       [102, 142]])]",2.9436319155497124,ChiSquare,"ChiSquareResult(statistic=20.19378065211034, adjusted_pvalue=4.120749807502176e-05, adjusted_bootstrap_pvalue=0.0, posthoc_statistic=array([19.82418435, 11.34331715,  2.86255189]), adjusted_posthoc_pvalue=array([0.02000283, 1.        , 1.        ]))",5928,5976,ATGGTATCAAGGATTTTATTATCTGCTGTGGTTATAAAGGATATGTGA,MVSRILLSAVVIKDM,STRG.120.1::gi|16763390|ref|NC_003197.1|:2159343-2179921(-)__5928-5976,">STRG.120.1::gi|16763390|ref|NC_003197.1|:2159343-2179921(-)__5928-5976
MVSRILLSAVVIKDM"
STRG.120.1::gi|16763390|ref|NC_003197.1|:2159343-2179921(-),sORF,TTG,ATG,"[12884, 12935]",sORF,"[11301, 12303]",mORF,"[array([[25,  2,  2],
       [46, 30, 30]]), array([[25,  4],
       [46, 60]])]",8.035077109764421,ChiSquare,"ChiSquareResult(statistic=16.73799220174659, adjusted_pvalue=0.00023194828958224043, adjusted_bootstrap_pvalue=0.0, posthoc_statistic=array([16.7379922 ,  5.76891964,  5.76891964]), adjusted_posthoc_pvalue=array([4.29129921e-05, 1.00000000e+00, 1.00000000e+00]))",12884,12935,TTGGTAATAAAAAATTGGTGTGTACTACACATCACACTATCCCCTTACTGA,LVIKNWCVLHITLSPY,STRG.120.1::gi|16763390|ref|NC_003197.1|:2159343-2179921(-)__12884-12935,">STRG.120.1::gi|16763390|ref|NC_003197.1|:2159343-2179921(-)__12884-12935
LVIKNWCVLHITLSPY"
STRG.127.1::gi|16763390|ref|NC_003197.1|:2365420-2366662(-),oORF,CTG,ATG,"[339, 387]",oORF,"[83, 1220]",mORF,"[array([[ 176,   33,   27],
       [1262, 1075,  984]]), array([[ 176,   60],
       [1262, 2059]])]",4.7837270590806495,ChiSquare,"ChiSquareResult(statistic=122.4746175253875, adjusted_pvalue=5.955693303905957e-24, adjusted_bootstrap_pvalue=0.0, posthoc_statistic=array([122.39381079,  34.73318388,  35.83195686]), adjusted_posthoc_pvalue=array([4.45942305e-25, 8.90876309e-06, 5.06753846e-06]))",339,387,CTGAAGGCAGCAACGACTCCTGGACGCGTGTGGCGTTTGCGGGTCTGA,LKAATTPGRVWRLRV,STRG.127.1::gi|16763390|ref|NC_003197.1|:2365420-2366662(-)__339-387,">STRG.127.1::gi|16763390|ref|NC_003197.1|:2365420-2366662(-)__339-387
LKAATTPGRVWRLRV"
STRG.180.1::gi|16763390|ref|NC_003197.1|:3120667-3123503(+),sORF,TTG,ATG,"[2724, 2757]",sORF,"[1451, 2819]",mORF,"[array([[130,  12,  27],
       [340, 216,  68]]), array([[130,  39],
       [340, 284]])]",2.7809350576419387,ChiSquare,"ChiSquareResult(statistic=49.17394837338848, adjusted_pvalue=4.9200599134227954e-08, adjusted_bootstrap_pvalue=0.0, posthoc_statistic=array([27.72879477, 49.1466232 ,  3.25314935]), adjusted_posthoc_pvalue=array([3.28826230e-04, 5.59613407e-09, 1.00000000e+00]))",2724,2757,TTGAGACCATGTACGAAACCGGTAAAGACATGA,LRPCTKPVKT,STRG.180.1::gi|16763390|ref|NC_003197.1|:3120667-3123503(+)__2724-2757,">STRG.180.1::gi|16763390|ref|NC_003197.1|:3120667-3123503(+)__2724-2757
LRPCTKPVKT"
STRG.184.1::gi|16763390|ref|NC_003197.1|:3199217-3224545(-),sORF,ATG,ATG,"[24101, 24248]",sORF,"[17877, 18144]",mORF,"[array([[44, 10,  6],
       [29, 19, 24]]), array([[44, 16],
       [29, 43]])]",4.031465147933743,ChiSquare,"ChiSquareResult(statistic=15.714256022673599, adjusted_pvalue=0.0003869836896860202, adjusted_bootstrap_pvalue=0.0, posthoc_statistic=array([14.46677502,  1.80448611, 10.14588235]), adjusted_posthoc_pvalue=array([1.42653666e-04, 1.00000000e+00, 1.00000000e+00]))",24101,24248,ATGTGGCGCGCGATGATCTGCCGGAAGGCGTTTACAACGAGCAGTTCAAGAAGTGGGATCTTGGCGATATCCTCGGCGCGAAAGGTAAGCTGTTCAAAACCAAAACCGGCGAGCTGTCTATCCACTGCACCGAACTGCGCCTGCTGA,MWRAMICRKAFTTSSSRSGILAISSARKVSCSKPKPASCLSTAPNCAC,STRG.184.1::gi|16763390|ref|NC_003197.1|:3199217-3224545(-)__24101-24248,">STRG.184.1::gi|16763390|ref|NC_003197.1|:3199217-3224545(-)__24101-24248
MWRAMICRKAFTTSSSRSGILAISSARKVSCSKPKPASCLSTAPNCAC"
STRG.199.1::gi|16763390|ref|NC_003197.1|:3512365-3513431(-),sORF,TTG,ATG,"[373, 382]",sORF,"[189, 618]",mORF,"[array([[ 55,  10,   2],
       [170, 164, 156]]), array([[ 55,  12],
       [170, 320]])]",8.593718805915682,ChiSquare,"ChiSquareResult(statistic=56.56140336570945, adjusted_pvalue=1.2240662455275191e-09, adjusted_bootstrap_pvalue=0.0, posthoc_statistic=array([54.9898957 ,  9.43594884, 24.1455837 ]), adjusted_posthoc_pvalue=array([2.85431894e-10, 1.00000000e+00, 2.10439727e-03]))",373,382,TTGCTGTAA,LL,STRG.199.1::gi|16763390|ref|NC_003197.1|:3512365-3513431(-)__373-382,">STRG.199.1::gi|16763390|ref|NC_003197.1|:3512365-3513431(-)__373-382
LL"
STRG.206.1::gi|16763390|ref|NC_003197.1|:3582854-3596692(-),sORF,ATG,ATG,"[5448, 5457]",sORF,"[3199, 3532]",mORF,"[array([[30,  5,  3],
       [85, 83, 77]]), array([[ 30,   8],
       [ 85, 160]])]",7.008548956430334,ChiSquare,"ChiSquareResult(statistic=26.84146590537609, adjusted_pvalue=0.003478622830123516, adjusted_bootstrap_pvalue=0.0, posthoc_statistic=array([26.70693593,  6.59149499,  8.98536006]), adjusted_posthoc_pvalue=array([5.57830335e-04, 1.00000000e+00, 1.00000000e+00]))",5448,5457,ATGTGCTGA,MC,STRG.206.1::gi|16763390|ref|NC_003197.1|:3582854-3596692(-)__5448-5457,">STRG.206.1::gi|16763390|ref|NC_003197.1|:3582854-3596692(-)__5448-5457
MC"
STRG.206.1::gi|16763390|ref|NC_003197.1|:3582854-3596692(-),sORF,ATG,ATG,"[11084, 11186]",sORF,"[3199, 3532]",mORF,"[array([[154,  47, 106],
       [ 85,  83,  77]]), array([[154, 153],
       [ 85, 160]])]",1.8924412539251316,ChiSquare,"ChiSquareResult(statistic=27.873228486403956, adjusted_pvalue=0.0020766482723529305, adjusted_bootstrap_pvalue=0.0, posthoc_statistic=array([13.28082807, 26.09293245,  0.59052965]), adjusted_posthoc_pvalue=array([2.68134038e-04, 7.66578379e-04, 1.00000000e+00]))",11084,11186,ATGTTAAGATCAGTGAGCTGTCTGAAGAACAAATCGACACGCTGCGTGACGAAGTTGCCAAATTTGTCGTTGAAGGTGATCTGCGCCGTGAAATCAGCATGA,MLRSVSCLKNKSTRCVTKLPNLSLKVICAVKSA,STRG.206.1::gi|16763390|ref|NC_003197.1|:3582854-3596692(-)__11084-11186,">STRG.206.1::gi|16763390|ref|NC_003197.1|:3582854-3596692(-)__11084-11186
MLRSVSCLKNKSTRCVTKLPNLSLKVICAVKSA"
STRG.206.1::gi|16763390|ref|NC_003197.1|:3582854-3596692(-),sORF,ATG,ATG,"[11907, 12003]",sORF,"[3199, 3532]",mORF,"[array([[81, 23, 28],
       [85, 83, 77]]), array([[ 81,  51],
       [ 85, 160]])]",2.9804484405207536,ChiSquare,"ChiSquareResult(statistic=25.331055108990352, adjusted_pvalue=0.00740267835939207, adjusted_bootstrap_pvalue=0.0, posthoc_statistic=array([24.7587662 , 11.48980601,  4.45577455]), adjusted_posthoc_pvalue=array([0.00153076, 1.        , 1.        ]))",11907,12003,ATGGTGTGCAGTTGCGTGAAAAGCAAAAAGTTCGCCGCATTTACGGTGTGCTGGAGCGTCAGTTCCGTAACTACTACAAAGAAGCAGCACGTCTGA,MVCSCVKSKKFAAFTVCWSVSSVTTTKKQHV,STRG.206.1::gi|16763390|ref|NC_003197.1|:3582854-3596692(-)__11907-12003,">STRG.206.1::gi|16763390|ref|NC_003197.1|:3582854-3596692(-)__11907-12003
MVCSCVKSKKFAAFTVCWSVSSVTTTKKQHV"
STRG.206.1::gi|16763390|ref|NC_003197.1|:3582854-3596692(-),sORF,CTG,ATG,"[2696, 2744]",sORF,"[506, 1136]",mORF,"[array([[ 20,   1,   2],
       [219, 143, 132]]), array([[ 20,   3],
       [219, 275]])]",8.34281211604761,ChiSquare,"ChiSquareResult(statistic=16.16683298935705, adjusted_pvalue=0.00030861485122521653, adjusted_bootstrap_pvalue=0.0, posthoc_statistic=array([16.06282764,  6.61801975,  3.71870811]), adjusted_posthoc_pvalue=array([6.12751149e-05, 1.00000000e+00, 1.00000000e+00]))",2696,2744,CTGCACGCTGGCGTGGCGTTCGTCCTACCGTTCGCGGTACTGCGATGA,LHAGVAFVLPFAVLR,STRG.206.1::gi|16763390|ref|NC_003197.1|:3582854-3596692(-)__2696-2744,">STRG.206.1::gi|16763390|ref|NC_003197.1|:3582854-3596692(-)__2696-2744
LHAGVAFVLPFAVLR"
STRG.206.1::gi|16763390|ref|NC_003197.1|:3582854-3596692(-),sORF,CTG,ATG,"[3700, 3748]",sORF,"[3199, 3532]",mORF,"[array([[55, 16, 15],
       [85, 83, 77]]), array([[ 55,  31],
       [ 85, 160]])]",3.326714216965346,ChiSquare,"ChiSquareResult(statistic=22.329450826899286, adjusted_pvalue=0.033203125605311266, adjusted_bootstrap_pvalue=0.0, posthoc_statistic=array([22.32894568,  7.08292035,  6.20494593]), adjusted_posthoc_pvalue=array([0.00541215, 1.        , 1.        ]))",3700,3748,CTGTATCTCGTATCGTTATCGAGCGTCCGGCTAAGAGCATCCGTGTGA,LYLVSLSSVRLRASV,STRG.206.1::gi|16763390|ref|NC_003197.1|:3582854-3596692(-)__3700-3748,">STRG.206.1::gi|16763390|ref|NC_003197.1|:3582854-3596692(-)__3700-3748
LYLVSLSSVRLRASV"
STRG.206.1::gi|16763390|ref|NC_003197.1|:3582854-3596692(-),sORF,CTG,ATG,"[7220, 7274]",sORF,"[3199, 3532]",mORF,"[array([[72, 35, 13],
       [85, 83, 77]]), array([[ 72,  48],
       [ 85, 160]])]",2.8150672607974316,ChiSquare,"ChiSquareResult(statistic=26.401149290788567, adjusted_pvalue=0.004335317221122547, adjusted_bootstrap_pvalue=0.0, posthoc_statistic=array([21.04400604,  0.8170829 , 18.39071549]), adjusted_posthoc_pvalue=array([0.01057502, 1.        , 0.04239212]))",7220,7274,CTGATCGTGCAGCGCGCCAGGCTGGTCTTGGTGGCGAAATTATCTGCTACGTAG,LIVQRARLVLVAKLSAT,STRG.206.1::gi|16763390|ref|NC_003197.1|:3582854-3596692(-)__7220-7274,">STRG.206.1::gi|16763390|ref|NC_003197.1|:3582854-3596692(-)__7220-7274
LIVQRARLVLVAKLSAT"
STRG.206.1::gi|16763390|ref|NC_003197.1|:3582854-3596692(-),sORF,CTG,ATG,"[12321, 12354]",sORF,"[506, 1136]",mORF,"[array([[212,  24,  27],
       [219, 143, 132]]), array([[212,  51],
       [219, 275]])]",5.208205225924024,ChiSquare,"ChiSquareResult(statistic=92.35997402034583, adjusted_pvalue=2.0617883173436305e-17, adjusted_bootstrap_pvalue=0.0, posthoc_statistic=array([92.11526818, 39.21934669, 28.00586682]), adjusted_posthoc_pvalue=array([1.92654920e-18, 8.92378409e-07, 2.84953981e-04]))",12321,12354,CTGATCTGTCTGCGGACATTAACGAACACCTGA,LICLRTLTNT,STRG.206.1::gi|16763390|ref|NC_003197.1|:3582854-3596692(-)__12321-12354,">STRG.206.1::gi|16763390|ref|NC_003197.1|:3582854-3596692(-)__12321-12354
LICLRTLTNT"
STRG.206.1::gi|16763390|ref|NC_003197.1|:3582854-3596692(-),sORF,GTG,ATG,"[5595, 5622]",sORF,"[162, 474]",mORF,"[array([[ 15,   2,   1],
       [109,  81, 108]]), array([[ 15,   3],
       [109, 189]])]",8.613427149366672,ChiSquare,"ChiSquareResult(statistic=15.759651383628988, adjusted_pvalue=0.000378298991646778, adjusted_bootstrap_pvalue=0.0, posthoc_statistic=array([15.5643312 ,  2.26349131,  7.07393609]), adjusted_posthoc_pvalue=array([7.97448654e-05, 1.00000000e+00, 1.00000000e+00]))",5595,5622,GTGAACTTCGTAACGAGAAGTTCATGA,VNFVTRSS,STRG.206.1::gi|16763390|ref|NC_003197.1|:3582854-3596692(-)__5595-5622,">STRG.206.1::gi|16763390|ref|NC_003197.1|:3582854-3596692(-)__5595-5622
VNFVTRSS"
STRG.206.1::gi|16763390|ref|NC_003197.1|:3582854-3596692(-),sORF,GTG,ATG,"[12138, 12222]",sORF,"[3199, 3532]",mORF,"[array([[98, 49, 18],
       [85, 83, 77]]), array([[ 98,  67],
       [ 85, 160]])]",2.746165835858038,ChiSquare,"ChiSquareResult(statistic=31.9290431063433, adjusted_pvalue=0.0002733090361457976, adjusted_bootstrap_pvalue=0.0, posthoc_statistic=array([24.34181849,  0.78938435, 23.32020961]), adjusted_posthoc_pvalue=array([0.00190055, 1.        , 0.00323129]))",12138,12222,GTGTTGTTAACATCGCTTCTTATCAGGTTAGTCCGAATGACGTTGTTAGCATTCGTGAGAAAGCGAAGAAGCAGTCTCGCGTGA,VLLTSLLIRLVRMTLLAFVRKRRSSLA,STRG.206.1::gi|16763390|ref|NC_003197.1|:3582854-3596692(-)__12138-12222,">STRG.206.1::gi|16763390|ref|NC_003197.1|:3582854-3596692(-)__12138-12222
VLLTSLLIRLVRMTLLAFVRKRRSSLA"
STRG.206.1::gi|16763390|ref|NC_003197.1|:3582854-3596692(-),sORF,CTG,ATG,"[4387, 4423]",sORF,"[3199, 3532]",mORF,"[array([[27,  3,  4],
       [85, 83, 77]]), array([[ 27,   7],
       [ 85, 160]])]",7.20761392161082,ChiSquare,"ChiSquareResult(statistic=24.929130863308785, adjusted_pvalue=0.009050355131798657, adjusted_bootstrap_pvalue=0.0, posthoc_statistic=array([24.84718893,  8.78917961,  5.60320856]), adjusted_posthoc_pvalue=array([0.00146212, 1.        , 1.        ]))",4387,4423,CTGCCCGTCAGATCGAAGCAGCACGTCGTGCTATGA,LPVRSKQHVVL,STRG.206.1::gi|16763390|ref|NC_003197.1|:3582854-3596692(-)__4387-4423,">STRG.206.1::gi|16763390|ref|NC_003197.1|:3582854-3596692(-)__4387-4423
LPVRSKQHVVL"
STRG.206.1::gi|16763390|ref|NC_003197.1|:3582854-3596692(-),sORF,CTG,ATG,"[8224, 8248]",sORF,"[3199, 3532]",mORF,"[array([[40, 23,  3],
       [85, 83, 77]]), array([[ 40,  26],
       [ 85, 160]])]",2.885418489703831,ChiSquare,"ChiSquareResult(statistic=23.307758208772356, adjusted_pvalue=0.0203583332685362, adjusted_bootstrap_pvalue=0.0, posthoc_statistic=array([14.52297059,  0.02181674, 19.66652745]), adjusted_posthoc_pvalue=array([1.38460908e-04, 1.00000000e+00, 2.17228757e-02]))",8224,8248,CTGGCGAACTGCAGGAAAAGCTGA,LANCRKS,STRG.206.1::gi|16763390|ref|NC_003197.1|:3582854-3596692(-)__8224-8248,">STRG.206.1::gi|16763390|ref|NC_003197.1|:3582854-3596692(-)__8224-8248
LANCRKS"
STRG.206.1::gi|16763390|ref|NC_003197.1|:3582854-3596692(-),sORF,CTG,ATG,"[13168, 13189]",sORF,"[506, 1136]",mORF,"[array([[122,  24,  37],
       [219, 143, 132]]), array([[122,  61],
       [219, 275]])]",2.5079680520696512,ChiSquare,"ChiSquareResult(statistic=29.05570319443448, adjusted_pvalue=0.0011497193078609004, adjusted_bootstrap_pvalue=0.0, posthoc_statistic=array([26.64603728, 18.01296998,  3.01383434]), adjusted_posthoc_pvalue=array([5.75691974e-04, 2.19405018e-05, 1.00000000e+00]))",13168,13189,CTGTTGACGATCTGGAATTGA,LLTIWN,STRG.206.1::gi|16763390|ref|NC_003197.1|:3582854-3596692(-)__13168-13189,">STRG.206.1::gi|16763390|ref|NC_003197.1|:3582854-3596692(-)__13168-13189
LLTIWN"
STRG.206.1::gi|16763390|ref|NC_003197.1|:3582854-3596692(-),sORF,CTG,ATG,"[13415, 13463]",sORF,"[3199, 3532]",mORF,"[array([[56, 10, 19],
       [85, 83, 77]]), array([[ 56,  29],
       [ 85, 160]])]",3.619729272036079,ChiSquare,"ChiSquareResult(statistic=27.102795854100044, adjusted_pvalue=0.003052532282269969, adjusted_bootstrap_pvalue=0.0, posthoc_statistic=array([25.08455054, 15.24603471,  2.51979638]), adjusted_posthoc_pvalue=array([1.29275414e-03, 9.43746865e-05, 1.00000000e+00]))",13415,13463,CTGAGAAGGATAAGGTCATGCGCCATCGTAAGAGTGGTCGTCAACTGA,LRRIRSCAIVRVVVN,STRG.206.1::gi|16763390|ref|NC_003197.1|:3582854-3596692(-)__13415-13463,">STRG.206.1::gi|16763390|ref|NC_003197.1|:3582854-3596692(-)__13415-13463
LRRIRSCAIVRVVVN"
STRG.207.1::gi|16763390|ref|NC_003197.1|:3598272-3606925(-),sORF,ATG,ATG,"[5383, 5551]",sORF,"[4686, 5157]",mORF,"[array([[105,  33,  54],
       [320, 239, 257]]), array([[105,  87],
       [320, 496]])]",1.8694944890185445,ChiSquare,"ChiSquareResult(statistic=17.832160286329398, adjusted_pvalue=0.00013421331199335874, adjusted_bootstrap_pvalue=0.0, posthoc_statistic=array([15.25727207, 11.55311489,  0.82745393]), adjusted_posthoc_pvalue=array([9.38148489e-05, 1.00000000e+00, 1.00000000e+00]))",5383,5551,ATGACGGCGCAGCTACCATGGACTGGATGGAGCAGGAGCAGGAGCGTGGTATTACTATCACCTCCGCAGCGACTACTGCATTCTGGTCTGGTATGGCTAAGCAGTATGAACCGCATCGCATCAACATCATCGACACCCCGGGGCACGTTGACTTCACTATCGAAGTAG,MTAQLPWTGWSRSRSVVLLSPPQRLLHSGLVWLSSMNRIASTSSTPRGTLTSLSK,STRG.207.1::gi|16763390|ref|NC_003197.1|:3598272-3606925(-)__5383-5551,">STRG.207.1::gi|16763390|ref|NC_003197.1|:3598272-3606925(-)__5383-5551
MTAQLPWTGWSRSRSVVLLSPPQRLLHSGLVWLSSMNRIASTSSTPRGTLTSLSK"
STRG.207.1::gi|16763390|ref|NC_003197.1|:3598272-3606925(-),sORF,CTG,ATG,"[6889, 6937]",sORF,"[20, 611]",mORF,"[array([[ 47,  17,   1],
       [120,  77,  86]]), array([[ 47,  18],
       [120, 163]])]",3.533874386326691,ChiSquare,"ChiSquareResult(statistic=27.4711052884544, adjusted_pvalue=0.0025391180223926705, adjusted_bootstrap_pvalue=0.0, posthoc_statistic=array([18.93946451,  0.02982094, 23.46485458]), adjusted_posthoc_pvalue=array([0.03179006, 1.        , 0.00299722]))",6889,6937,CTGGCGAATACATCCCGGCCGTTGATAAAGGCATCCAGGAGCAGCTGA,LANTSRPLIKASRSS,STRG.207.1::gi|16763390|ref|NC_003197.1|:3598272-3606925(-)__6889-6937,">STRG.207.1::gi|16763390|ref|NC_003197.1|:3598272-3606925(-)__6889-6937
LANTSRPLIKASRSS"
STRG.207.1::gi|16763390|ref|NC_003197.1|:3598272-3606925(-),sORF,CTG,ATG,"[7725, 7818]",sORF,"[4686, 5157]",mORF,"[array([[281,  83, 146],
       [320, 239, 257]]), array([[281, 229],
       [320, 496]])]",1.9010233219473045,ChiSquare,"ChiSquareResult(statistic=40.207464055099514, adjusted_pvalue=4.355296458454251e-06, adjusted_bootstrap_pvalue=0.0, posthoc_statistic=array([31.94633679, 28.91232322,  1.2199682 ]), adjusted_posthoc_pvalue=array([3.73404736e-05, 1.78418890e-04, 1.00000000e+00]))",7725,7818,CTGCTCAGATGGACGGCGCGATCCTGGTTGTTGCTGCGACTGACGGCCCGATGCCGCAGACCCGTGAGCACATCCTGCTGGGTCGTCAGGTAG,LLRWTARSWLLLRLTARCRRPVSTSCWVVR,STRG.207.1::gi|16763390|ref|NC_003197.1|:3598272-3606925(-)__7725-7818,">STRG.207.1::gi|16763390|ref|NC_003197.1|:3598272-3606925(-)__7725-7818
LLRWTARSWLLLRLTARCRRPVSTSCWVVR"
STRG.207.1::gi|16763390|ref|NC_003197.1|:3598272-3606925(-),sORF,CTG,ATG,"[6487, 6499]",sORF,"[4686, 5157]",mORF,"[array([[ 15,   0,   2],
       [320, 239, 257]]), array([[ 15,   2],
       [320, 496]])]",11.596029613667522,ChiSquare,"ChiSquareResult(statistic=17.014437945408094, adjusted_pvalue=0.00020200482540515667, adjusted_bootstrap_pvalue=0.0, posthoc_statistic=array([16.64368918,  6.98256874,  3.02582537]), adjusted_posthoc_pvalue=array([4.51001091e-05, 1.00000000e+00, 1.00000000e+00]))",6487,6499,CTGAGCCGGTAA,LSR,STRG.207.1::gi|16763390|ref|NC_003197.1|:3598272-3606925(-)__6487-6499,">STRG.207.1::gi|16763390|ref|NC_003197.1|:3598272-3606925(-)__6487-6499
LSR"
STRG.229.1::gi|16763390|ref|NC_003197.1|:4045471-4111176(-),sORF,ATG,ATG,"[6026, 6098]",sORF,"[35683, 37066]",mORF,"[array([[ 93,  12,  21],
       [427, 361, 326]]), array([[ 93,  33],
       [427, 687]])]",4.5285835834362205,ChiSquare,"ChiSquareResult(statistic=60.10029373818724, adjusted_pvalue=2.086145722546985e-10, adjusted_bootstrap_pvalue=0.0, posthoc_statistic=array([58.51790838, 28.17961189,  8.91349013]), adjusted_posthoc_pvalue=array([4.74613624e-11, 2.60486641e-04, 1.00000000e+00]))",6026,6098,ATGGGGTCAGGTGGGACCACCGCGCTAGTGCCGCCAGGCAAATTCTGTTATCAGACCGTTTTTACGTTCTGA,MGSGGTTALVPPGKFCYQTVFTF,STRG.229.1::gi|16763390|ref|NC_003197.1|:4045471-4111176(-)__6026-6098,">STRG.229.1::gi|16763390|ref|NC_003197.1|:4045471-4111176(-)__6026-6098
MGSGGTTALVPPGKFCYQTVFTF"
STRG.229.1::gi|16763390|ref|NC_003197.1|:4045471-4111176(-),sORF,CTG,ATG,"[11018, 11135]",sORF,"[35683, 37066]",mORF,"[array([[2416,   37,   48],
       [ 427,  361,  326]]), array([[2416,   85],
       [ 427,  687]])]",45.653542726282446,ChiSquare,"ChiSquareResult(statistic=1559.3141022979871, adjusted_pvalue=0.0, adjusted_bootstrap_pvalue=0.0, posthoc_statistic=array([1558.18220387,  752.36747801,  621.3013396 ]), adjusted_posthoc_pvalue=array([0.00000000e+000, 2.88936878e-162, 9.18113327e-134]))",11018,11135,CTGAGCCATGATCAAACTCTTCAATTTAAAAGTTTGATGCTCAATGAATTAAACTTCGTAATGAATTACGTGTTCACTCTTGAGACTTGGTATTCATTTTTCGTCCTAGGACGTTAA,LSHDQTLQFKSLMLNELNFVMNYVFTLETWYSFFVLGR,STRG.229.1::gi|16763390|ref|NC_003197.1|:4045471-4111176(-)__11018-11135,">STRG.229.1::gi|16763390|ref|NC_003197.1|:4045471-4111176(-)__11018-11135
LSHDQTLQFKSLMLNELNFVMNYVFTLETWYSFFVLGR"
STRG.229.1::gi|16763390|ref|NC_003197.1|:4045471-4111176(-),sORF,CTG,ATG,"[31911, 31917]",sORF,"[35683, 37066]",mORF,"[array([[ 45,   6,  14],
       [427, 361, 326]]), array([[ 45,  20],
       [427, 687]])]",3.615990666263804,ChiSquare,"ChiSquareResult(statistic=26.516017661037708, adjusted_pvalue=0.0040933372838493085, adjusted_bootstrap_pvalue=0.0, posthoc_statistic=array([24.42755125, 15.38611021,  1.78615566]), adjusted_posthoc_pvalue=array([1.81782685e-03, 8.76300720e-05, 1.00000000e+00]))",31911,31917,CTGTGA,L,STRG.229.1::gi|16763390|ref|NC_003197.1|:4045471-4111176(-)__31911-31917,">STRG.229.1::gi|16763390|ref|NC_003197.1|:4045471-4111176(-)__31911-31917
L"
STRG.229.1::gi|16763390|ref|NC_003197.1|:4045471-4111176(-),sORF,CTG,ATG,"[35690, 35711]",sORF,"[35683, 37066]",mORF,"[array([[ 30,   0,   6],
       [427, 361, 326]]), array([[ 30,   6],
       [427, 687]])]",8.031023004919758,ChiSquare,"ChiSquareResult(statistic=31.355709935744144, adjusted_pvalue=0.000364042180271194, adjusted_bootstrap_pvalue=0.0, posthoc_statistic=array([29.4929951 , 17.00377498,  2.69491732]), adjusted_posthoc_pvalue=array([1.32216752e-04, 3.73055742e-05, 1.00000000e+00]))",35690,35711,CTGGAAAGATTGTCCAGGTAA,LERLSR,STRG.229.1::gi|16763390|ref|NC_003197.1|:4045471-4111176(-)__35690-35711,">STRG.229.1::gi|16763390|ref|NC_003197.1|:4045471-4111176(-)__35690-35711
LERLSR"
STRG.229.1::gi|16763390|ref|NC_003197.1|:4045471-4111176(-),sORF,GTG,ATG,"[34099, 34153]",sORF,"[35683, 37066]",mORF,"[array([[ 70,  12,  27],
       [427, 361, 326]]), array([[ 70,  39],
       [427, 687]])]",2.8851767750811836,ChiSquare,"ChiSquareResult(statistic=31.974321711971832, adjusted_pvalue=0.0002671910251733408, adjusted_bootstrap_pvalue=0.0, posthoc_statistic=array([27.58696659, 21.4436513 ,  0.97626908]), adjusted_posthoc_pvalue=array([3.53841423e-04, 8.58480428e-03, 1.00000000e+00]))",34099,34153,GTGCTGCGCGTGTTAACGCCGACTACGTCGAAGCCTTCACTAAAGGTGAAGTGA,VLRVLTPTTSKPSLKVK,STRG.229.1::gi|16763390|ref|NC_003197.1|:4045471-4111176(-)__34099-34153,">STRG.229.1::gi|16763390|ref|NC_003197.1|:4045471-4111176(-)__34099-34153
VLRVLTPTTSKPSLKVK"
STRG.229.1::gi|16763390|ref|NC_003197.1|:4045471-4111176(-),sORF,TTG,ATG,"[31404, 31446]",sORF,"[35683, 37066]",mORF,"[array([[ 17,   2,   1],
       [427, 361, 326]]), array([[ 17,   3],
       [427, 687]])]",9.101116380947833,ChiSquare,"ChiSquareResult(statistic=18.02211939517365, adjusted_pvalue=0.000122052448779437, adjusted_bootstrap_pvalue=0.0, posthoc_statistic=array([17.96244426,  4.53195948,  5.63674857]), adjusted_posthoc_pvalue=array([2.25306576e-05, 1.00000000e+00, 1.00000000e+00]))",31404,31446,TTGGCTGGGTCTGCCGGCAACGCGCGTGGTGCCGTCTGCTGA,LAGSAGNARGAVC,STRG.229.1::gi|16763390|ref|NC_003197.1|:4045471-4111176(-)__31404-31446,">STRG.229.1::gi|16763390|ref|NC_003197.1|:4045471-4111176(-)__31404-31446
LAGSAGNARGAVC"
STRG.229.1::gi|16763390|ref|NC_003197.1|:4045471-4111176(-),sORF,ATG,ATG,"[8863, 8926]",sORF,"[35683, 37066]",mORF,"[array([[ 12,   0,   0],
       [427, 361, 326]]), array([[ 12,   1],
       [427, 687]])]",19.267428552250003,ChiSquare,"ChiSquareResult(statistic=18.98133099953788, adjusted_pvalue=7.555380550979588e-05, adjusted_bootstrap_pvalue=0.0, posthoc_statistic=array([18.981331  ,  5.72374415,  4.94267504]), adjusted_posthoc_pvalue=array([0.03110008, 1.        , 1.        ]))",8863,8926,ATGCTGATTCAGGCTCTGGGCTCCTCCCCGTTCGCTCGCCGCTACTGGGGGAATCTCGGTTGA,MLIQALGSSPFARRYWGNLG,STRG.229.1::gi|16763390|ref|NC_003197.1|:4045471-4111176(-)__8863-8926,">STRG.229.1::gi|16763390|ref|NC_003197.1|:4045471-4111176(-)__8863-8926
MLIQALGSSPFARRYWGNLG"
STRG.229.1::gi|16763390|ref|NC_003197.1|:4045471-4111176(-),sORF,ATG,ATG,"[10048, 10090]",sORF,"[35683, 37066]",mORF,"[array([[ 17,   1,   0],
       [427, 361, 326]]), array([[ 17,   1],
       [427, 687]])]",27.293327841437744,ChiSquare,"ChiSquareResult(statistic=23.481542057645296, adjusted_pvalue=0.018664034829618367, adjusted_bootstrap_pvalue=0.0, posthoc_statistic=array([23.39789402,  5.87083044,  7.3980336 ]), adjusted_posthoc_pvalue=array([0.00310339, 1.        , 1.        ]))",10048,10090,ATGTCAAGACCAGGTAAGGTTCTTCGCGTTGCATCGAATTAA,MSRPGKVLRVASN,STRG.229.1::gi|16763390|ref|NC_003197.1|:4045471-4111176(-)__10048-10090,">STRG.229.1::gi|16763390|ref|NC_003197.1|:4045471-4111176(-)__10048-10090
MSRPGKVLRVASN"
STRG.229.1::gi|16763390|ref|NC_003197.1|:4045471-4111176(-),sORF,GTG,ATG,"[9815, 9911]",sORF,"[35683, 37066]",mORF,"[array([[ 13,   1,   0],
       [427, 361, 326]]), array([[ 13,   1],
       [427, 687]])]",20.87261571378627,ChiSquare,"ChiSquareResult(statistic=17.385098756149272, adjusted_pvalue=0.00016783161412445955, adjusted_bootstrap_pvalue=0.0, posthoc_statistic=array([17.27830999,  4.04902983,  5.76229086]), adjusted_posthoc_pvalue=array([3.22851169e-05, 1.00000000e+00, 1.00000000e+00]))",9815,9911,GTGTGTAGCCCTGGTCGTAAGGGCCATGATGACTTGACGTCATCCCCACCTTCCTCCAGTTTATCACTGGCAGTCTCCTTTGAGTTCCCGACCTAA,VCSPGRKGHDDLTSSPPSSSLSLAVSFEFPT,STRG.229.1::gi|16763390|ref|NC_003197.1|:4045471-4111176(-)__9815-9911,">STRG.229.1::gi|16763390|ref|NC_003197.1|:4045471-4111176(-)__9815-9911
VCSPGRKGHDDLTSSPPSSSLSLAVSFEFPT"
STRG.252.1::gi|16763390|ref|NC_003197.1|:4446687-4450546(-),sORF,ATG,ATG,"[797, 863]",sORF,"[2908, 3799]",mORF,"[array([[86, 17, 11],
       [77, 59, 38]]), array([[86, 28],
       [77, 97]])]",3.850413174291271,ChiSquare,"ChiSquareResult(statistic=27.268540244072955, adjusted_pvalue=0.0028097606664671576, adjusted_bootstrap_pvalue=0.0, posthoc_statistic=array([27.2684594 , 12.79412894,  7.24864783]), adjusted_posthoc_pvalue=array([4.17192167e-04, 3.47708844e-04, 1.00000000e+00]))",797,863,ATGGTCGAACATCGACAAGAGCAAAGTCAACTACGGTGTCACCCTGCTGCCGACCTTCAAAGGTAA,MVEHRQEQSQLRCHPAADLQR,STRG.252.1::gi|16763390|ref|NC_003197.1|:4446687-4450546(-)__797-863,">STRG.252.1::gi|16763390|ref|NC_003197.1|:4446687-4450546(-)__797-863
MVEHRQEQSQLRCHPAADLQR"
STRG.252.1::gi|16763390|ref|NC_003197.1|:4446687-4450546(-),sORF,ATG,ATG,"[1836, 1875]",sORF,"[2908, 3799]",mORF,"[array([[19,  0,  1],
       [77, 59, 38]]), array([[19,  1],
       [77, 97]])]",23.66114765447482,ChiSquare,"ChiSquareResult(statistic=18.647145778072503, adjusted_pvalue=8.929430114921867e-05, adjusted_bootstrap_pvalue=0.0, posthoc_statistic=array([18.48019612,  9.74542358,  3.16680566]), adjusted_posthoc_pvalue=array([0.04044757, 1.        , 1.        ]))",1836,1875,ATGCCCTGCCGGGCGGCGAACGCGCCAATCTGCGAATAA,MPCRAANAPICE,STRG.252.1::gi|16763390|ref|NC_003197.1|:4446687-4450546(-)__1836-1875,">STRG.252.1::gi|16763390|ref|NC_003197.1|:4446687-4450546(-)__1836-1875
MPCRAANAPICE"
STRG.252.1::gi|16763390|ref|NC_003197.1|:4446687-4450546(-),sORF,GTG,ATG,"[2382, 2397]",sORF,"[2908, 3799]",mORF,"[array([[26,  0,  0],
       [77, 59, 38]]), array([[26,  1],
       [77, 97]])]",32.36910523790324,ChiSquare,"ChiSquareResult(statistic=28.144180337015953, adjusted_pvalue=0.0018135373248078445, adjusted_bootstrap_pvalue=0.0, posthoc_statistic=array([28.14418034, 12.50509497,  7.01007521]), adjusted_posthoc_pvalue=array([2.65299163e-04, 4.05843713e-04, 1.00000000e+00]))",2382,2397,GTGAAATCAATATGA,VKSI,STRG.252.1::gi|16763390|ref|NC_003197.1|:4446687-4450546(-)__2382-2397,">STRG.252.1::gi|16763390|ref|NC_003197.1|:4446687-4450546(-)__2382-2397
VKSI"
STRG.253.1::gi|16763390|ref|NC_003197.1|:4450849-4454535(+),sORF,GTG,ATG,"[1416, 1437]",sORF,"[1229, 2588]",mORF,"[array([[ 411,  188,   36],
       [2847, 2100, 1845]]), array([[ 411,  224],
       [2847, 3945]])]",2.5421330299509264,ChiSquare,"ChiSquareResult(statistic=175.12534385940754, adjusted_pvalue=2.1977200361589648e-35, adjusted_bootstrap_pvalue=0.0, posthoc_statistic=array([122.67476937,   0.46924713, 141.8704209 ]), adjusted_posthoc_pvalue=array([3.87060819e-25, 1.00000000e+00, 2.44562519e-29]))",1416,1437,GTGAAACCTATGCGGAACTGA,VKPMRN,STRG.253.1::gi|16763390|ref|NC_003197.1|:4450849-4454535(+)__1416-1437,">STRG.253.1::gi|16763390|ref|NC_003197.1|:4450849-4454535(+)__1416-1437
VKPMRN"
STRG.253.1::gi|16763390|ref|NC_003197.1|:4450849-4454535(+),sORF,ATG,ATG,"[2130, 2193]",sORF,"[1229, 2588]",mORF,"[array([[ 176,   54,   58],
       [2847, 2100, 1845]]), array([[ 176,  112],
       [2847, 3945]])]",2.1772373686989552,ChiSquare,"ChiSquareResult(statistic=42.35975420382733, adjusted_pvalue=1.484751779969372e-06, adjusted_bootstrap_pvalue=0.0, posthoc_statistic=array([41.60236651, 19.3274108 ,  6.93827182]), adjusted_posthoc_pvalue=array([2.63536950e-07, 2.59429047e-02, 1.00000000e+00]))",2130,2193,ATGGCAATATGTGGCGTATTTTGGATCATGGCGCCATCTCGCTTGGTGATAAATGGGATTTGA,MAICGVFWIMAPSRLVINGI,STRG.253.1::gi|16763390|ref|NC_003197.1|:4450849-4454535(+)__2130-2193,">STRG.253.1::gi|16763390|ref|NC_003197.1|:4450849-4454535(+)__2130-2193
MAICGVFWIMAPSRLVINGI"
STRG.256.1::gi|16763390|ref|NC_003197.1|:4574709-4580152(+),sORF,CTG,ATG,"[1068, 1146]",sORF,"[401, 2048]",mORF,"[array([[ 188,   50,   95],
       [2033, 1680, 1517]]), array([[ 188,  145],
       [2033, 3197]])]",2.0386254924078333,ChiSquare,"ChiSquareResult(statistic=53.73397413850121, adjusted_pvalue=5.03237942204451e-09, adjusted_bootstrap_pvalue=0.0, posthoc_statistic=array([4.03611158e+01, 4.27598174e+01, 3.46415755e-02]), adjusted_posthoc_pvalue=array([4.97353828e-07, 1.45814007e-07, 1.00000000e+00]))",1068,1146,CTGATAAGAAAATCTCCAACATCCGCGAAATGCTGCCGGTTCTGGAAGCCGTTGCAAAAGCAGGCAAACCGCTGCTGA,LIRKSPTSAKCCRFWKPLQKQANRC,STRG.256.1::gi|16763390|ref|NC_003197.1|:4574709-4580152(+)__1068-1146,">STRG.256.1::gi|16763390|ref|NC_003197.1|:4574709-4580152(+)__1068-1146
LIRKSPTSAKCCRFWKPLQKQANRC"
STRG.256.1::gi|16763390|ref|NC_003197.1|:4574709-4580152(+),sORF,TTG,ATG,"[930, 1041]",sORF,"[401, 2048]",mORF,"[array([[ 268,   99,  120],
       [2033, 1680, 1517]]), array([[ 268,  219],
       [2033, 3197]])]",1.9241745189853898,ChiSquare,"ChiSquareResult(statistic=51.78154366165537, adjusted_pvalue=1.335790249379764e-08, adjusted_bootstrap_pvalue=0.0, posthoc_statistic=array([48.3713683 , 28.9105813 ,  4.15407398]), adjusted_posthoc_pvalue=array([8.30914370e-09, 1.78579413e-04, 1.00000000e+00]))",930,1041,TTGAAGACGGTACCGGTCTGCAGGACGAACTGGACGTGGTTGAAGGTATGCAGTTTGACCGCGGCTACCTGTCTCCTTACTTCATCAACAAGCCGGAAACTGGCGCAGTAG,LKTVPVCRTNWTWLKVCSLTAATCLLTSSTSRKLAQ,STRG.256.1::gi|16763390|ref|NC_003197.1|:4574709-4580152(+)__930-1041,">STRG.256.1::gi|16763390|ref|NC_003197.1|:4574709-4580152(+)__930-1041
LKTVPVCRTNWTWLKVCSLTAATCLLTSSTSRKLAQ"
STRG.256.1::gi|16763390|ref|NC_003197.1|:4574709-4580152(+),sORF,CTG,ATG,"[5345, 5420]",sORF,"[401, 2048]",mORF,"[array([[  21,    3,    1],
       [2033, 1680, 1517]]), array([[  21,    4],
       [2033, 3197]])]",8.252913585135532,ChiSquare,"ChiSquareResult(statistic=21.49537185484873, adjusted_pvalue=2.1495092011514747e-05, adjusted_bootstrap_pvalue=0.0, posthoc_statistic=array([21.28249494,  4.6278274 ,  7.57353849]), adjusted_posthoc_pvalue=array([0.00933764, 1.        , 1.        ]))",5345,5420,CTGGCGGCAAACCAGCCACGCTGTCTACTGGCGCAGTGGTTAAAGTTCCGCTGTTCGTGCAGATTGGCGAAGTGA,LAANQPRCLLAQWLKFRCSCRLAK,STRG.256.1::gi|16763390|ref|NC_003197.1|:4574709-4580152(+)__5345-5420,">STRG.256.1::gi|16763390|ref|NC_003197.1|:4574709-4580152(+)__5345-5420
LAANQPRCLLAQWLKFRCSCRLAK"
